Product Name,Price,Rating
"Dl3 Mobilak Bracelet for Redmi Watch 4 / Redmi Watch 5 / Xiaomi Smart Band 8 Pro/Xiaomi Smart Band 9 Pro Wristbands for Men Women, Silicone Strap, Waterproof Sports Replacement Strap",140.00 EGP,2.1
"Dl3 Mobilak Bracelet Compatible with Redmi Watch 5/Redmi Watch 4/Xiaomi Smart Band 9 Pro/Xiaomi Smart Band 8 Pro, Soft TPU Replacement Strap Sports, Strap for Men and Women",140.00 EGP,3.9
"Dl3 Mobilak Smart Watch Strap for Xiaomi Mi Watch Lite,Sport Silicone Watch Band Wrist Strap,Replacement Bracelet Wristband Wrist Strap for Xiaomi Mi Watch Lite/Redmi Watch Accessories",110.00 EGP,3.7
Dl3 Mobilak Strap Silicone Band For Xiaomi Mi Band 7/6 / 5 Breathable Strap Replacement For M5 M6 M7 Bracelet For Xiaomi MiBand 7 6 5 Smart Watch,75.00 EGP,3.9
"Redmi Watch 5 Active Smartwatch, 2.0 Inch LCD Display, 18 Day Battery, 140+ Sports Modes, Heart Rate and SPO₂ Tracking, 5ATM Waterproof, Calls, Fitness Tracker, Silver|1 year manufacturer warranty","1,633.53 EGP",4.4
"Oraimo Watch 2R OSW-30 Smart Watch — 1.39″ HD Display, Bluetooth Calling, Heart Rate & SpO₂ Tracker, 120+ Sports Modes, IP68 Water Resistant - Black",999.00 EGP,3.9
"Oraimo Watch 4 Plus OSW-801 Smart Watch — 2.01″ Full Touch Display, Bluetooth Calling, Heart Rate & SpO₂ Monitoring, 100+ Sports Modes, 7-Day Battery, IP68 - Black",949.00 EGP,3.9
"Oraimo Watch 6 OSW-807 Smart Watch — 2.04″ Full Touch Display, Bluetooth 5.3 Calling, Heart Rate, SpO₂ & Stress Monitoring, 105+ Sports Modes, IP68 - Black",949.00 EGP,3.9
"Oraimo Smart Watch 5 Lite (OSW-804), 2.01"" HD Full Touch Screen IP68, Normal Usage Time 7 days Standby Time More than 28 days, Antibacterial Eartips – Black (12 Months Warranty)",820.00 EGP,4.3
"HUAWEI Band 10 Smart Watch, Metallic Design and Comfortable Wearing, Pro-level Sleep Analysis, Emotional Health Aid, 100 Workout Modes, Robust Battery Life, IOS and Android, Pink","1,990.00 EGP",4.5
"Samsung Galaxy Fit3 Smartwatch, Exercise and Sleep Tracking, Fall Detection, Bluetooth, 40mm, Pink Gold","1,939.00 EGP",4.3
"ConnectME SP8 Ultra Max Smart Watch, 49 mm Screen Size, Orange",325.00 EGP,3.1
"CMF by Nothing Watch Pro 2, 1.96"" Ultra-Clear AMOLED Smartwatch, Advanced Health Monitoring, AI Features, Dark Grey","2,398.05 EGP",4.2
"HUAWEI WATCH FIT 4 Smart Watch, 1.82"" Display, 100+ Sports modes, Fitness & Health Tracker, Emotional Wellbeing Assistant, up to 10-Day Battery Life, iOS & Android Compatible, Black","5,195.00 EGP",4.5
"Samsung Galaxy Fit3 Smartwatch, Exercise and Sleep Tracking, Fall Detection, Bluetooth, 40mm, Silver","1,899.99 EGP",4.3
"itel O23 (2.02"") LCD Display Smart Watch, Scratch-Resistant Display, 7 Days Battery Life, Heart Rate, AI Voice Assistant & Blood Oxygen Monitoring, 12 months warrant,IP68 Waterproof (Gold)",919.00 EGP,4.2
"CMF Watch Pro 2 Smartwatch for Men Women, Fitness Tracker with Heart Rate, SpO₂ Monitoring,120 Sports Model, Bluetooth Calls with AI Noise Reduction, IP68 Waterproof with GPS for Android IOS Dark Grey","2,488.88 EGP",4.3
"Xiaomi Smart Band 9 Active - Smart Bracelet with AMOLED Display, Activity and Health Tracking, Water Resistant 5 ATM, Long Life Battery Life - Beige White|1 year manufacturer warranty","1,275.00 EGP",4.1
Xiaomi Smart Band 9 Pro Obsidian Black | 1.74'' narrow-edge display | 21-day ultra-long battery life | health management | Professional Workout Analysis,"3,100.00 EGP",4.2
"JOYROOM JR-FC2 Pro Classic Series Smart Watch, 1.46'' HD Display, Bluetooth Calling, 120+ Sports Modes, 10ATM Waterproof, Heart Rate, Long Battery Life, Wireless Charging – Moonlight Silver","2,115.63 EGP",4
"X10 Multifunction Sport Smart Watch, 45mm HD Display, Black Frame, Sport Design, Waterproof (Silver)",810.00 EGP,3
"T2000 ultra 2 Smart Watch Compatible with Apple Watch, Orange Silicone Band, Digital Display, Waterproof, Wireless Charging, with Charging Cable",350.00 EGP,2.2
"HK9PRO+ Smart Watch Series HK9 Pro Plus, AMOLED Display, 45mm Band, Arabic Language, Answer Call, NFC, Sports Mode (Black)",870.00 EGP,3.5
"ADHOMAX New T800 Ultra Smart Watch Elegant Design 1.99"" HD Display, Fitness Tracker, Heart Rate, Oxygen Monitor, Calls, Wireless Charging, Works With IOS, android for men, women (1, Orange)",277.00 EGP,3
"Haino Teko 25 Waterproof Smart Watch with AMOLED Display, 3 Interchangeable Straps, Voice Assistant, Charging Cable, Designed for Men Black","1,860.00 EGP",5
RIVERSONG Motive 7C Round Smart watch BLACK,"1,627.84 EGP",4.8
"cardoO Smart Watch X Orbit, Round 1.6” AMOLED Display, Bluetooth Calling, Fitness & Health Tracker with Heart, Sleep & SpO2 Monitoring, 100+ Sports Modes – Waterproof, iOS & Android Compatible - Black","3,499.00 EGP",4.3
Z7 Plus Smart Watch - with HD Camera & GPS - Waterproof - Color Screen - Phone Call and Location Tracking (Green),900.00 EGP,5
"HUAWEI WATCH FIT 4 Smart Watch, 1.82"" Display, 100+ Sports modes, Fitness & Health Tracker, Emotional Wellbeing Assistant, up to 10-Day Battery Life, iOS & Android Compatible, Purple","5,670.00 EGP",4.5
"JOYROOM JR-FC2 Pro 350 mAh 48mm, Smartwatch for Men & Women with Bluetooth Make/Answer Calls Fitness Modes and Sleep Modes Multi-app Message Reminder and languages Arabic, English and other, Grey","1,555.00 EGP",No Rating
Z7 Plus Smart Watch - with HD Camera & GPS - Water Resistant - Color Screen - Phone Call and Location Tracking (Rose),900.00 EGP,5
"ttec Tempus Pro 47mm AMOLED Screen Regtangular Casing Smart Watch, Black","1,099.00 EGP",4.8
"CardoO Smart Watch X Apex – 2.01” AMOLED Display, Bluetooth Calling, Fitness & Health Tracker, 100+ Sports Modes, Heart & SpO2 Monitor, IP68 Waterproof – Compatible with Android & iOS - Black","3,499.00 EGP",4
T900 Ultra NFC Smart Watch Bluetooth Call Wireless Charging Sport Smartwatch (Black),261.75 EGP,2.3
"ttec Tempus 35mm TFT Screen Circular Metal Casing Smart Watch, Black",899.00 EGP,3.6
"Xiaomi Redmi Watch 5 – 2.07"" AMOLED Display, Heart Rate & SpO₂ Monitor, 100+ Sports Modes, 5ATM Water Resistant, Notifications, Long Battery Life, Silver Gray","4,590.00 EGP",4.5
"Infinix XWatch XW3E Smart Watch: IP68 Water Resistant, 1.43"" AMOLED Display with Always-On Display, 7-Day Battery Life,300 Watch Faces, Multiple Sports Modes,Bluetooth Call Support,Black","1,900.00 EGP",3.8
"HUAWEI WATCH GT 6 GPS 46mm Smart Watch, 1.47''AMOLED Touchscreen, up to 21 days battery life, Cycling,100+ Sports Mode, iOS & Android, All-day Health Monitoring, Emotional Wellbeing, Black","9,150.00 EGP",4.4
"HK10 Ultra 3 Smart Watch, 2.02"" AMOLED Display, Quad-Core Processor, TWS Headphone Support, AI Features, Multi-Language Translation, Support Arabic Not reversed, NFC (Silver With Orange Strap)",999.00 EGP,3.6
"X10 Multifunctional Sports Smart Watch, 45mm HD Display, Black Frame, Sport Design, Waterproof (Black)",810.00 EGP,3
"XIAOMI Smart Band 10 – 1.72"" AMOLED, Xiaomi HyperOS, Heart Rate & SpO₂ Monitor, Electronic Compass, 150+ Sports Modes, Swim Tracking, Bluetooth, Mystic Rose","2,799.00 EGP",4.5
"AGPTEK Smart Watch for Women, 1.3'' Full Touch Fitness LW11 Watch with Female Health Tracking, Heart Rate Monitor, IP68 Waterproof Outdoor Sports Smartwatch for Android iOS Phones","2,470.00 EGP",4.2
"Amazfit Pop 3R Amoled Display Smartwatch, Black|1 year manufacturer warranty 064","3,999.00 EGP",3.9
"X9+ Ultra 2 Smart Watch, 2.12"" AMOLED Display, 420mAh Battery, IP68 Waterproof, Compatible with Android and iOS, Black",799.00 EGP,4
"ADHOMAX New X8 Ultra max smart watch 2.2"" HD Display, Fitness Tracker, Calls, Music, SpO2, Weather, Calender, Wireless Charging, wearfitpro app IOS, android for men, women (Black+MetalBlack Strap)",599.00 EGP,3.9
"Joyroom Classic Series JR-FC2 Pro Smart Watch (Answer/Make Call) Stylish, Premium Design with Bluetooth Calling & Health Tracking Features - Moonlight Silver","1,947.00 EGP",4
MX10 Smart Watch – With 4 Fashion Bands – Touch Screen – Bluetooth Call – Health & Sports Tracking,500.00 EGP,No Rating
"Samsung Galaxy Watch7 Classic Smartwatch, Green, 40mm, Bluetooth Sleep Coaching, Fitness Tracker, 1 Year Warranty/Local Version","7,989.00 EGP",4.2
T900 Ultra Smart Watch 2.09 Inch Large Screen Infinite Display Rugged Sport Design for Daily Use and Heavy Duty Sports Activities (Black Metal).,375.00 EGP,5
"Joyroom JR-FT5 Fit-Life Series Smart Watch, Bluetooth Calling Smartwatch, 1.83″ HD Display, Advanced Health Monitoring, 80+ Sports Modes, IP68 Waterproof, Rose Gold | 12-Month Warranty","1,422.00 EGP",3.6
"MERV X10 Series10 Multifunctional Sports Smartwatch, 46MM, Super AMOLED Display (Black)",699.00 EGP,3.2
T10 ULTRA 2 Smart Watch BIG INFINITE DISPLAY Wireless Charging 49MM (Grey),599.00 EGP,5
"ADHOMAX X10 Ultra3 Curved Screen Smart Watch NFC, BPM, SpO2, Weather, Camera, Music, Fitness Tracker, Calls, Wireless Charging, wearfitpro mobile app IOS, android, men and women (Orange+Black Strap)",Price not available,4.1
"Haino Teko 12 Waterproof Smart Watch with Built-in Wireless Earbuds, Large AMOLED Display, 3 Pairs of Straps and Charging Cable Designed for Men - Black","2,765.00 EGP",5
"T800 Ultra Smart Watch Largest and Brightest Display Deep Waterproof With Video Controlling Assistant Wireless Fast Charging, BIGGER SCREEN SHOW MORE, Bluetooth, NFC (BLACK)",289.75 EGP,2.3
"ADHOMAX X10 Ultra3 Curved Screen Smart Watch NFC, Elegant Design 49MM, Fitness Tracker, Calls Wireless Charging, wearfitpro mobile app in IOS & android store, for men and women (White)",720.00 EGP,3.6
"ADHOMAX New 2025 T930 Ultra3 smart watch Elegant Design 49MM, NFC, infinite HD display, Fitness Tracker, Heart Rate, Calls, Wireless Charging, for IOS, android for men and women (black + white)",350.00 EGP,2.4
"ADHOMAX New 2025 T900 Ultra2 smart watch Elegant Design 2.2"" NFC, infinite HD display, Fitness Tracker, Bluetooth, Wireless Charging, for IOS, android for men and women (Black)",289.00 EGP,2
"ADHOMAX New X8 Ultra Max golden edition Smart Watch 49MM HD Display, Elegant Design, 3 straps, Lock, Screw, Fitness Tracker, Heart Rate, Calls, Wireless Charging, Camera, Weather | IOS, android",579.00 EGP,3.2
"ADHOMAX HK15 Ultra 2 Max smart watch 2.02 inch amoled display Watch for men, women, compatible with IOS, Android, AI ChatGPT, IP68, NFC, Fitness Tracker | 7 straps print may vary (Orange)","1,169.00 EGP",No Rating
"Dl3 Mobilak Nylon Strap for Redmi Watch 4/Redmi Watch 5/Xiaomi Smart Band 8 Pro/Band 9 Pro, Men and Women Breathable Elastic Bracelet, Adjustable Straps Replacement Band Sport Watchband (Black)",150.00 EGP,3.5
"Nylon Sport Band Compatible with Xiaomi Mi Band 10/9/8 for Women Men, Soft Adjustable Breathable Sport Loop Watch Strap Replacement Wristband for Xiaomi Smart Band 8/9/10",150.00 EGP,4.2
"Dl3 Mobilak Smart Watch Strap for Xiaomi Redmi Band 2, Sport Silicone Watch Band Wrist Strap, Replacement Bracelet Wristband Wrist Strap for Xiaomi Redmi Smart Band2 Accessories",110.00 EGP,4.2
"Dl3 Mobilak Bracelet Compatible with Xiaomi Mi Band 10/9/8, Stainless Steel Replacement Straps, Mesh Metal Watch Strap, Magnetic Adjustable Replacement Strap For Xiaomi Smart Band 8/9/10",225.00 EGP,4.5
"Honor MagicWatch 2 Smartwatch, 14 Day Battery Life, 15 Fitness Modes, SpO2 Monitor, Swimming Heart Rate Monitor, Stress Sleep Tracking, Bluetooth Call, 46mm, Charcoal Black",Price not available,4.4
"Samsung Galaxy Watch8 (44mm, LTE, Graphite) with 3nm Processor | Dual GPS | Sapphire Glass & Armor Aluminum | 5ATM & IP68 | BP, ECG, IHRN & Vascular Load Monitoring | Anti-oxidant Index","11,790.00 EGP",4.2
"ADHOMAX New 2025 T900 Ultra2 smart watch Elegant Design 2.2"" NFC, infinite HD display, Fitness Tracker, Bluetooth, Wireless Charging, for IOS, android for men and women (Black)",289.00 EGP,2
"Itel Smartwatch Edge R1 Pro (ISW-O43) designed for fitness enthusiasts, professionals, and adventurers. 1.43-inch AMOLED HD display, 466x466 resolution, IP68,12 Months Warranty, Blue","1,599.00 EGP",5
"CardoO CEGWAT02 Smart Watch for Men - Touch Screen, Heart Rate Monitor, Waterproof, Bluetooth Calls, Arabic Support for Android and iOS (Black)","1,999.00 EGP",3.8
Oraimo OSW-820 Smart Watch 5R Premium Smartwatch Sleek and Robust for Active Lifestyles - Black,"1,699.00 EGP",3.6
"CMF BY NOTHING Watch Pro 2, 1.32"" AMOLED, Auto-Brightness,Gesture Control, 3D Warmup Wuide, GPS Smartwatch (Ash Grey)","2,390.00 EGP",4.4
ME23 Ultra 3 Smart Watch – 2.20mm Full Screen – Pulse & Blood Pressure Measurement – Call – Multiple Sports – 7 Extra Strap (Silver),500.00 EGP,5
"CMF Watch 3 Pro Smart Watch for Men Women, Bluetooth Call AI Smartwatch with Energy Score, Heart Rate Tracking, Sleep Monitor, GPS & 130+ Sport Modes, Fitness Tracker for Android iOS, IP68 Green","3,894.00 EGP",4.3
"Smart Watches for Men Women, Alexa Built-in, 1.8"" Smartwatch with Heart Rate/SpO2/Sleep/Stress, IP68 Waterproof Fitness Tracker with Bluetooth Call (Answer/Make), 101+ Sports Modes, for Android iPhone","1,680.00 EGP",4.2
"Xiaomi Watch S4 Rainbow |Smartwatch| 1.43"" AMOLED display, Long battery life, Bluetooth calling, Noise reduction, Advanced health detection, 15 days battery life","8,523.16 EGP",4.4
"Huawei Watch GT 6 Pro Atum-B29F Smart Watch, 46mm, Titanium Alloy Case, Fluoroelastomer StrapBlack, Black - 1 Year Warranty","13,769.77 EGP",4.4
ME17 Ultra 3 Smart Watch 2.21 Inch Large Screen Touch Screen Support Heart Rate Pressure Sleep Monitor with 2 Straps and Magnetic Charger (Orange),425.00 EGP,4
"Smartwatch X10 ultra 3 with 2.20 inch curve display, wear.fit pro app, Smart Watch support NFC,voice assistant,CHAT GPT, 2025 NEW color (Gold)",749.00 EGP,3.8
"ADHOMAX New T800 Ultra Smart Watch Elegant Design 1.99"" HD Display, Fitness Tracker, Heart Rate, Oxygen Monitor, Calls, Wireless Charging, Works With IOS, android for men, women (1, Orange+Yellow)",322.00 EGP,5
HainoTeko SQ17 Smart Watch with AMOLED Display 3 Pair Straps and Wireless Charger Designed for Ladies (Pink),"1,736.50 EGP",4.5
"X10 Multifunctional Sports Smart Watch, 45mm HD Display, Black Frame, Sport Design, Waterproof (Black)",810.00 EGP,3
"ADHOMAX Ultra Big 7 In 1 Smart Watch, 2.01"" HD Display, Calling, Fitness Tracker, Wireless Charging, Heart Rate, SpO2, Weather, Camera, Music, For IOS, android, men and women (Black)",599.00 EGP,2.5
"ADHOMAX New T800 Ultra2-Plus Smart Watch Elegant Design 2.2"", NFC, Fitness Tracker, Heart Rate, Oxygen Monitor, Calls, Wireless Charging | IOS and android for men, women (Gray Strap)",299.99 EGP,2.6
"ADHOMAX Smart Watch new edition HD Display, Elegant Design, Fitness Tracker, Heart Rate, Calls, Music, SpO2, Wireless Charging, Camera, Weather, Calender | IOS, android (V22 Max, 14 Strap)",719.00 EGP,2.4
"SKMEI Men's Digital Sports Watch 50m Waterproof LED Military Multifunction Smart Watch Stopwatch Countdown Auto Date Alarm - 1251, Black, Strap",498.93 EGP,4.1
"HUAWEI WATCH GT 6 Pro Smart Watch, 46mm, upto 21 days battery life, GPS Smart Watches with 100+ Sports Mode, Cycling, iOS & Android Compatible, ECG Analysis, Health Monitoring, Black","13,700.00 EGP",4.5
Joyroom JR-FT5 Fit-Life series Waterproof IP68 Smartwatch With Answer/Make Call - Black,"1,399.00 EGP",3.5
"Honor Band 7, Smart Watch Fitness Tracker, 14 Days Battery Life, 1.47 inch AMOLED Screen, Heart Rate Monitor, Sleep Monitor, All Day Blood Oxygen Tracker, 96 Workout Modes, Black Meteorite","1,671.54 EGP",4.3
"Kids Digital Smart Watch – Waterproof LED Wristband for Boys & Girls, Cartoon Superhero Design – Birthday Gift for Ages 2-12 (Multicolor) (Black Spidarmen)",79.00 EGP,3
Generic T800 Ultra NFC Smart Watch Bluetooth Call Wireless Charging Sport Smartwatch (Orange),310.00 EGP,2.4
"itel ICON-2 Smartwatch with BT Calling, 1.83"" HD Display, 550 nits Peak Brightness, Functional Crown, IP68, 150+ Watch Faces, 24Hr Health Monitor and Voice Assistant (Black)",890.00 EGP,3.8
"T80 MAX Super Large 7 in 1 Smart Watch, 2"" HD Screen for Calls, Fitness Tracker, Wireless Charging, Heart Rate, SpO2, Music, Men and Women",510.00 EGP,5
"AGPTEK Smart Watch for Men, 1.3'' Full Touch Fitness LW11 Watch with Heart Rate Monitor, DIY Watch Face, Message Notification, IP68 Waterproof Outdoor Sports Smartwatch for Android iOS Phones, Black","3,300.00 EGP",4
"Mibro Smartwatch C4,Up to 10 days of daily use, 45 days in basic mode, 5 hours of music playback,6 hours of Bluetooth calls, App message push,Incoming call push,Dark Gray - 12 Months warranty","1,795.00 EGP",4.4
"Generic X8 Plus Ultra Smartwatch: Modern, Heart Rate Monitor, 2.1 inches, Blue",569.75 EGP,3.5
"ConnectME SP9 Ultra Max Smart Watch, 49 mm Screen Size, Orange",375.00 EGP,3.4
"ADHOMAX Smart Watch new edition HD Display, Elegant Design, Fitness Tracker, Heart Rate, Calls, Music, SpO2, Wireless Charging, Camera, Weather, Calender | IOS, android (V22 Max, 14 Strap)",719.00 EGP,2.4
smart watch HK 10 ultra 3 AMOLED screen black color,999.99 EGP,4.4
Smart Watch X8 Ultra Max(X8 ultra max) NFC Call Bluetooth with Wireless Charging System Support Arabic and English Language HD Touch Screen (Black),949.00 EGP,3.7
HAYLOU Smart Watch HL-SP,"2,999.00 EGP",4.2
"aeac Men's Smartwatch Calls, 1.7 Inches Smartwatch Watch for Men and Women with Hands-Free Answering Calls, Built-in Alexa, Heart Rate Monitor SpO2 Sleep, Fitness Watch Notifications Messages Whatsapp","3,999.00 EGP",4.1
HUAWEI WATCH GT 5 VILI-B19W 46MM BLUE WOVEN STRAP,"8,299.00 EGP",4.7
"Smart Watch for Kids with 12 Puzzle Games, 1.83"" Fitness Tracker Watch Heart Rate Sleep Monitor, Pedometer, Alarm Clock, Flashlight, Gift for 6-12 Year Old Boys","2,999.00 EGP",4.4
"Oraimo Watch 2R Smart Watch, 1.39-inch TFT Display, IP68 Waterproof, Rose Gold","1,599.00 EGP",2.5
"SHARAV Smart Watch - ID116 Smart Watches for Men Women, Bluetooth Smartwatch Touch Screen Bluetooth Smart Watches for Android iOS Phones Wrist Phone Watch, Women",699.00 EGP,2.2
Generic Smart Watch X9 Ultra 2 AMOLED Display Supports NFC/Chat GPT - Arabic Language/calls - Orange,699.00 EGP,3.7
"Huawei Watch GT 6 Atum-B19W Smart Watch, 46mm, Green - 1 Year Warranty","8,900.00 EGP",4.8
"Military Smart Watch for Men, 120+ Sport Modes 1.39"" Full Screen Tactical Watches Rugged for Android Phones iPhone Compatible Fitness Tracker Heart Rate Sleep Monitor Pedometer","3,499.00 EGP",4
"SKMEI Waterproof Watch with Pedometer, Calories, Sleeping Monitor, Call Remind Smartwatch (Khaki, 50m)",499.00 EGP,3.8
"Smart Watch for Kids, 1.83"" Fitness Tracker Watch Pedometer, Heart Rate, Sleep Monitor, IP68 Waterproof, Pedometer, Puzzle Games with/Without APP for Girls Boys Teens 6-16","2,999.00 EGP",4.2
"HK23 Pro+ Smart Watch, 2.2-inch HD Display, IP67 Water Resistant, Heart Rate and Blood Pressure Monitor, Bluetooth Calling, NFC, Supports Arabic Not Reversed (PRO+ Black)",999.00 EGP,No Rating
"HONOR Watch GS 3, SmartWatch with 1.43 Inch AMOLED Touch Screen, Fitness Watch with Heart Rate Monitor, Sleep and Blood Oxygen Monitoring for Android, GPS, 14 Days Battery Life, Midnight Blue","5,999.00 EGP",4
"SKMEI Mens Compass Watch, Digital Sports Watch Pedometer Altimeter Barometer Temperature Military Waterproof Wristwatch for Men Women, strap",499.00 EGP,3.5
"Haino Teko G9mini Smart Watch - Rose Gold for Women with Three Sets of Bracelets and Haino Teco Gold Fashion Band with AMOLED Display, Bluetooth Calling, Health Fitness Tracker","1,750.00 EGP",No Rating
"Smart Band 3e, Digital Display, Black, Waterproof, Bluetooth Compatible, with Adjustable Elastic Strap, for Sports and Daily Use_+_","1,100.00 EGP",No Rating
Z7A Smart Watch Kids Tracking & Calls - Independent SIM - Track From Anywhere Agent Warranty Direct:01150652084 (Purple),"1,399.00 EGP",No Rating
"ADHOMAX New 2025 T900 Ultra2 smart watch Elegant Design 2.2"" NFC, infinite HD display, Fitness Tracker, Bluetooth, Wireless Charging, for IOS, android for men and women (Orange+Black Strap)",331.00 EGP,2.5
"ADHOMAX New T2000 ultra2 smart watch, Elegant Design 49MM HD display, NFC, Bluetooth Calls Wireless Charging,SPO2, Fitness Tracker, compatible with IOS, android for men, women (Black+White)",333.00 EGP,2.6
"HK9 Ultra 2 Smart Watch 9th Edition, Voice Recording, Gaming, NFC, Bluetooth, Waterproof, 2 Straps, Arabic Language (Black & Multi Color Strap)",799.00 EGP,2
"ADHOMAX K8 Ultra3 Smart Watch, Slim Case, Calls, 3D, Fitness Tracker, AI, Voice, Wireless Charging, Heart Rate, Games, SpO2, Weather, Camera, Music, IOS, android, men, women (Orange-GoldMetal Strap)",466.00 EGP,2.8
"Nylon Sport Band Compatible with Xiaomi Mi Band 10/9/8 for Women Men, Soft Adjustable Breathable Sport Loop Watch Strap Replacement Wristband for Xiaomi Smart Band 8/9/10",150.00 EGP,4.2
"Dl3 Mobilak Bracelet for Redmi Watch 4 / Redmi Watch 5 / Xiaomi Smart Band 8 Pro/Xiaomi Smart Band 9 Pro Wristbands for Men Women, Silicone Strap, Waterproof Sports Replacement Strap",140.00 EGP,2.1
"Dl3 Mobilak Smart Watch Strap for Xiaomi Mi Watch Lite,Sport Silicone Watch Band Wrist Strap,Replacement Bracelet Wristband Wrist Strap for Xiaomi Mi Watch Lite/Redmi Watch Accessories",110.00 EGP,3.7
"Dl3 Mobilak Bracelet Compatible with Xiaomi Mi Band 10/9/8, Stainless Steel Replacement Straps, Mesh Metal Watch Strap, Magnetic Adjustable Replacement Strap For Xiaomi Smart Band 8/9/10",225.00 EGP,4.5
"CardoO Smart Watch X Apex – 2.01” AMOLED Display, Bluetooth Calling, Fitness & Health Tracker, 100+ Sports Modes, Heart & SpO2 Monitor, IP68 Waterproof – Compatible with Android & iOS - Gold","3,499.00 EGP",4
"Mibro Lite 3 Pro Smart watch, 1.32"" AMOLED Display, 10 Axis Motion Sensor, Bluetooth Calling, GPS, 150+ Sport Modes, 5ATM Water Resistant, Heart Rate Monitoring, 15 Days Battery Life, Smartwatch","3,925.00 EGP",3.2
"ConnectME S9 Ultra Smart Smart Watch, 49 mm Screen Size, Orange",399.00 EGP,2.2
"Xiaomi Watch S4 Rainbow |Smartwatch| 1.43"" AMOLED display, Long battery life, Bluetooth calling, Noise reduction, Advanced health detection, 15 days battery life","8,523.16 EGP",4.4
"Smart Watch HW9 MiNi, 1.8 Inch AMOLED Display, Steel and Silicon Straps, Heart Rate Monitor, Fitness TRACKING, NFC, Game Mode, Voice Assistant, Pink",999.00 EGP,2.9
"KOSPET Tank T3 Ultra 2 Smart Watch for Men GPS, Extra-Long Battery, Full Stainless Steel Body Rugged Smartwatch with Bluetooth Calling, 1.43"" AMOLED Display, Pressure, Altitude, Compass - Black","5,500.00 EGP",4.2
"LENYES LW-217 Smart Watch, 2.01-inch TFT Display, IP68 Waterproof, Camouflage Design, BT5.3, 410mAh Battery","1,175.00 EGP",4.6
"Choetech Smart Watch 1.91 Inch touch screen, Health monitoring, Life Control Rectangle Black",999.00 EGP,3.3
"Smart Watch T800 Ultra for Women & Man with 2 inch HDScreen & 49mm Strap, Supports Always on Clock, Fitness, calls, Bluetooth, Heart Rate, Sports Mode, Sleep Monitoring (Black 1)",499.00 EGP,3
"ME11 Ultra 3 Smart Watch 2.21"" AMOLED Screen - Wireless Charging - with 2 Extra Bands (Orange-Grey)",425.00 EGP,2.5
"ADHOMAX New T800 Ultra2-Plus Smart Watch Elegant Design 2.2"", NFC, Fitness Tracker, Heart Rate, Oxygen Monitor, Calls, Wireless Charging | IOS and android for men, women (Black)",289.00 EGP,2.7
"Huawei Watch GT 6 Atum-B19W Smart Watch, 46mm, Green - 1 Year Warranty","8,900.00 EGP",4.8
"Texton Waterproof Smart Watch Features Like Daily Activity Tracker, Heart Rate Blood Pressure Tracking,Sleep Monitor,and Basic Functionality for Men/Women/Boys/Girls and All Age Group",699.00 EGP,2.4
"Kids Digital Smart Watch – Waterproof LED Wristband for Boys & Girls, Cartoon Superhero Design – Birthday Gift for Ages 2-12 (Multicolor) (Black Spidarmen)",79.00 EGP,3
"HUAWEI WATCH GT 6 Pro Smart Watch, 46mm, upto 21 days battery life, GPS Smart Watches with 100+ Sports Mode, Cycling, iOS & Android Compatible, ECG Analysis, Health Monitoring, Black","13,700.00 EGP",4.5
"Huawei Watch GT 6 Atum-B19L Smart Watch, 46mm, Stainless Steel Case, Leather Strap, Grey - 1 Year Warranty","9,895.00 EGP",4.2
"X10 Multifunction Sport Smart Watch, 45mm HD Display, Black Frame, Sport Design, Waterproof (Gold)",810.00 EGP,3
"ADHOMAX New T800 Ultra2-Plus Smart Watch Elegant Design 2.2"", NFC, Fitness Tracker, Heart Rate, Oxygen Monitor, Calls, Wireless Charging | IOS and android for men, women (White Strap)",299.99 EGP,2.6
T800 Ultra 2 Smart Watch Aluminum Case Sport Watch 45mm Fashion Design For Unisex - Black,330.00 EGP,2.5
"ADHOMAX Smart Watch new edition HD Display, Elegant Design, Fitness Tracker, Heart Rate, Calls, Music, SpO2, Wireless Charging, Camera, Weather, Calender | IOS, android (X999 Golden, 4 Stratps)",579.00 EGP,2.4
"Digital Smart Watch with Silicone Band, Rose Gold Case, Multiple Colours Available",63.00 EGP,2.8
"ADHOMAX New 2025 T900 Ultra2 smart watch Elegant Design 2.19"" Series 8 display, Fitness Tracker, Bluetooth Wireless Charging, Touch Screen compatable with IOS, android for men and women (Black)",333.00 EGP,2.4
MERV - X10 Ultra 3 Smart Watch WearFit 49mm (Orange),699.00 EGP,3.9
"ME31 ULTRA 3 Smart Watch 2.21"" HD IPS AMOLED Display – 7+1 Straps – Call & Notification Support",500.00 EGP,2.5
"ADHOMAX New Ultra Big 7 In 1 Smart Watch, 2.01"" HD Display, Calling, Fitness Tracker, Wireless Charging, Heart Rate, SpO2, Weather, Camera, Music, For IOS, android, men and women (Black)",599.00 EGP,2.8
"HONOR Watch GS 3, SmartWatch with 1.43 Inch AMOLED Touch Screen, Fitness Watch with Heart Rate Monitor, Sleep and Blood Oxygen Monitoring for Android, GPS, 14 Days Battery Life, Midnight Blue","5,999.00 EGP",4
"Samsung Galaxy Watch8 (44mm, LTE, Graphite) with 3nm Processor | Dual GPS | Sapphire Glass & Armor Aluminum | 5ATM & IP68 | BP, ECG, IHRN & Vascular Load Monitoring | Anti-oxidant Index","11,790.00 EGP",4.2
HUAWEI WATCH GT 5 VILI-B19W 46MM BLUE WOVEN STRAP,"8,299.00 EGP",4.7
"KEEPONFIT Smart Watches for Women, Fitness Tracker with Heart Rate & SpO2 Monitor, IP67 Waterproof Activity Tracker for Men & Women, Smart Sports Watch for Android & iOS (Black)","2,999.00 EGP",4.1
"1+Smart Watch, 2.02 AMOLED Display, IP68 Waterproof, 100+ Watch Faces, Bluetooth 5.0, Health Fitness Tracker with Heart Rate Monitor, Multi-Language Support arabic suported (Black, HK20 ULTRA 2)",710.00 EGP,2.8
MERV - X10 Mini 3 SmartWatch WearFit - (41mm) (Gold),699.00 EGP,3.1
"SAMSUNG Galaxy Watch7 Smartwatch, Green, 44mm, Bluetooth, Sleep Coaching, Fitness Tracker, 1 Year Warranty / Local Version","8,777.77 EGP",4.3
"Apple Watch Series 11 GPS 46mm Smartwatch with Jet Black Aluminium Case with Black Sport Band M/L. Sleep Score, Fitness Tracker, Health Monitoring, Always-On Display, Water Resistant","21,400.00 EGP",4.5
ME11 Ultra 3 Smart Watch 2.21 Inch AMOLED Screen - Wireless Charging - with 2 Bands (Black - Green),425.00 EGP,2
"Oraimo Watch 2R Smart Watch, 1.39-inch TFT Display, IP68 Waterproof, Rose Gold","1,599.00 EGP",2.5
"HUAWEI WATCH GT 3 46 mm Smartwatch, 2 Weeks' Battery Life, All-Day SpO2 Monitoring, Personal AI Running Coach, Accurate Heart Rate Monitoring, 100+ Workout Modes, Australian Version - Brown","8,700.00 EGP",4.4
"Huawei Watch GT 6 Pro Atum-B29M Smart Watch, 46mm, Titanium - 1 Year Warranty","20,503.76 EGP",4.7
"Samsung Galaxy Watch Ultra 47mm LTE Smartwatch, Titanium Casing, Advanced Sleep Coaching, Running Coach, Energy Score, Heart Rate Tracking, GPS, 2025, Titanium Blue [US Version, 2 Yr Warranty]","17,490.00 EGP",4.4
"Amazfit GTR 3 Pro 46mm Smart Watch with AMOLED Display, Sports Watch with 150+ Sports Modes, GPS, Heart Rate, Sleep, Stress, SpO2 Monitoring, Bluetooth Calls, Music Control, Alexa Built-in, Black 622","6,390.00 EGP",4.2
"SHARAV Smart Watch - ID116 Smart Watches for Men Women, Bluetooth Smartwatch Touch Screen Bluetooth Smart Watches for Android iOS Phones Wrist Phone Watch, Women",699.00 EGP,2.2
"Fitbit Versa 4 Fitness Smartwatch with Daily Readiness, GPS, 24/7 Heart Rate, 40+ Exercise Modes, Sleep Tracking and more, Black/Graphite, One Size (S & L Bands Included)","10,000.00 EGP",4.2
KIDSZONE Digital Watch for KIDS Cool Smart Watch for Kids – Perfect Everyday Companion Wristwatch (White),79.00 EGP,2.2
"AGPTEK Smart Watch for Men, 1.3'' Full Touch Fitness LW11 Watch with Heart Rate Monitor, DIY Watch Face, Message Notification, IP68 Waterproof Outdoor Sports Smartwatch for Android iOS Phones, Black","3,300.00 EGP",4
"Samsung Galaxy Watch8 Classic Smartwatch, 46mm, Black, Bluetooth (CAD Version & Warranty) - AI Assistant (Gemini), Sleep Coaching, Fitness Tracking","14,112.00 EGP",4.5
"Smart Watch for Kids with 12 Puzzle Games, 1.83"" Fitness Tracker Watch Heart Rate Sleep Monitor, Pedometer, Alarm Clock, Flashlight, Gift for 6-12 Year Old Boys","2,999.00 EGP",4.4
Apple Watch SE 44MM GPS (2nd Gen - 2022) Midnight Aluminum Case with Midnight Sport Band - M/L,"13,750.00 EGP",4.6
"ADHOMAX New T800 Ultra2-Plus Smart Watch Elegant Design 2.2"", NFC, Fitness Tracker, Heart Rate, Oxygen Monitor, Calls, Wireless Charging | IOS and android for men, women (Dark Blue Strap)",322.00 EGP,2.6
"HUAWEI WATCH GT 3 Pro Smartwatch, 46mm, Free-diving Mode, Durable Battery Life, Wireless Fast Charging, Heart Rate & Blood Oxygen Monitoring, Bluetooth calls, Light Titanium Caes, Gray Leather Strap","8,999.00 EGP",4.7
"ADHOMAX Smart Watch Elegant Design 49MM, NFC, HD display, Fitness Tracker, Sports, Wireless Charging, Long Battery, for IOS, android for men and women (fitcloudpro app, Orange+Orange+White)",425.00 EGP,3
Nabi Z7 Smart Watch for Kids (Black),850.00 EGP,2.8
"aeac Men's Smartwatch Calls, 1.7 Inches Smartwatch Watch for Men and Women with Hands-Free Answering Calls, Built-in Alexa, Heart Rate Monitor SpO2 Sleep, Fitness Watch Notifications Messages Whatsapp","3,999.00 EGP",4.1
HUAWEI WATCH GT 4 41 mm Light Gold,"14,499.00 EGP",4.7
"ADHOMAX New T900 Ultra Smart Watch Elegant Design 2.09"" HD Display, NFC, Fitness Tracker, Heart Rate, Oxygen Monitor, Calls, Wireless Charging | IOS and android for men, women (1, OilGreen)",288.00 EGP,2.1
"M72 MAX Smart Watch,49 MM HD Screen, Elegant Design, 2 watches, Fitness Tracker, Calls Wireless Charging, compatible with IOS & android, for men and women, 7 strpas, straps print may vary (Gold)",674.00 EGP,3.5
"ADHOMAX New 2025 T1000 Ultra2 smart watch Elegant Design 2.08"", NFC, infinite display, Fitness Tracker, Heart Rate, Calls, Wireless Charging, for IOS, android for men and women (White)",289.00 EGP,2.1
"ADHOMAX Smart Watch Elegant Design 49MM, NFC, HD display, Fitness Tracker, Sports, Wireless Charging, Long Battery, for IOS, android for men and women (fitcloudpro app, Orange+Orange+White)",425.00 EGP,3
"Nylon Sport Band Compatible with Xiaomi Mi Band 10/9/8 for Women Men, Soft Adjustable Breathable Sport Loop Watch Strap Replacement Wristband for Xiaomi Smart Band 8/9/10",150.00 EGP,4.2
"Dl3 Mobilak Braided Strap for Xiaomi Mi Band 10/9/8, Men Women Breathable Elastic Nylon with Magnetic Buckle Watch Band for Xiaomi Smart Band 10/Xiaomi Smart Band 9/8",160.00 EGP,2.6
"Dl3 Mobilak Bracelet Compatible with Xiaomi Mi Band 10/9/8, Stainless Steel Replacement Straps, Mesh Metal Watch Strap, Magnetic Adjustable Replacement Strap For Xiaomi Smart Band 8/9/10",225.00 EGP,4.5
Dl3 Mobilak Silicone Watch Band Strap Compatible for Huawei Honor Band 4 Running Version/Huawei Band 3e/ Band 4e Smart Watch Bracelet Replacement,85.00 EGP,3.8
"Huawei Watch GT 6 Atum-B19L Smart Watch, 46mm, Stainless Steel Case, Leather Strap, Grey - 1 Year Warranty","9,895.00 EGP",4.2
"aeac Men's Smartwatch Calls, 1.7 Inches Smartwatch Watch for Men and Women with Hands-Free Answering Calls, Built-in Alexa, Heart Rate Monitor SpO2 Sleep, Fitness Watch Notifications Messages Whatsapp","3,999.00 EGP",4.1
T900 ultra Smart Watch AMOLED Screen Support GPT/NFC/Call,773.00 EGP,5
"AGPTEK Smart Watch for Men, 1.3'' Full Touch Fitness LW11 Watch with Heart Rate Monitor, DIY Watch Face, Message Notification, IP68 Waterproof Outdoor Sports Smartwatch for Android iOS Phones, Black","3,300.00 EGP",4
"ADHOMAX Smart Watch Elegant Design 49MM, NFC, HD display, Fitness Tracker, Sports, Wireless Charging, Long Battery, for IOS, android for men and women (fitcloudpro app, Orange+Orange+White)",425.00 EGP,3
"Amazfit T-Rex 3 Smart Watch Outdoor Rugged Military 48mm Display, GPS, Offline Maps, 27 Days Battery Life, 45m Freediving, 100m Water-Resistance, AI & 170 Sports Mode, for Android & iPhone, Black","11,950.00 EGP",4.6
"Huawei Watch GT 6 Pro Atum-B29F Smart Watch, 46mm, Titanium Alloy Case, Fluoroelastomer StrapBlack, Black - 1 Year Warranty","13,769.77 EGP",4.4
"Amazfit GTR 3 Pro 46mm Smart Watch with AMOLED Display, Sports Watch with 150+ Sports Modes, GPS, Heart Rate, Sleep, Stress, SpO2 Monitoring, Bluetooth Calls, Music Control, Alexa Built-in, Black 622","6,390.00 EGP",4.2
"ADHOMAX Smart Watch M72 49MM HD Display, Elegant Design, New Gestures, mobile stand, ring medal, 3 straps Fitness Tracker, Calls, Wireless Charging, Heart Rate, Oxygen Monitor | IOS, android (Gold)",449.00 EGP,3
"Xiaomi Band 7 Pro Smart Bracelet AMOLED Screen GPS Blood Oxygen Fitness Waterproof Xiaomi Smart Band 7 Pro, Ivory, STANDARD","1,999.00 EGP",4.1
"ADHOMAX New T900 Ultra Smart Watch Elegant Design 2.09"" HD Display, NFC, Fitness Tracker, Heart Rate, Oxygen Monitor, Calls, Wireless Charging | IOS and android for men, women (1, Black)",599.00 EGP,2.8
"Smartwatch X10 ultra 3 with 2.20 inch curve display, wear.fit pro app, Smart Watch support NFC,voice assistant,CHAT GPT, 2025 NEW color (Gold)",749.00 EGP,3.8
Z7A Smart Watch Kids Tracking And Calls - Independent SIM - Track From Anywhere Warranty Agent Direct:01150652084 (Black),"1,330.00 EGP",2.5
"ADHOMAX New 2025 T900 Ultra2 smart watch Elegant Design 2.19"" Series 8 display, Fitness Tracker, Bluetooth Wireless Charging, Touch Screen compatable with IOS, android for men and women (Black)",333.00 EGP,2.4
"Smart Watch for Kids with 12 Puzzle Games, 1.83"" Fitness Tracker Watch Heart Rate Sleep Monitor, Pedometer, Alarm Clock, Flashlight, Gift for 6-12 Year Old Boys","2,999.00 EGP",4.4
"ADHOMAX New Ultra Big 7 In 1 Smart Watch, 2.01"" HD Display, Calling, Fitness Tracker, Wireless Charging, Heart Rate, SpO2, Weather, Camera, Music, For IOS, android, men and women (Black)",599.00 EGP,2.8
"ADHOMAX New T800 Ultra2 Smart Watch Elegant Design 2.2"", NFC, Fitness Tracker, Heart Rate, Oxygen Monitor, Calls, Wireless Charging | IOS and android for men, women (Black+NylBlack Strap)",349.99 EGP,2.6
"ADHOMAX Smart Watch C69 Ultra 2, 2.19"" HD Display, 7 in 1, Fitness Tracker, Calls, spo2, Sports, Wireless Charging, Music, for IOS, android, men, women, 5 Straps and cover protector (Gold)",666.00 EGP,2.9
"ADHOMAX K8 Ultra3 Smart Watch, Slim Case, Calls, 3D, Fitness Tracker, AI, Voice, Wireless Charging, Heart Rate, Games, SpO2, Weather, Camera, Music, IOS, android, men, women (Black-White Strap)",417.00 EGP,2.8
"Digital Smart Watch with Silicone Band, Rose Gold Case, Multiple Colours Available",63.00 EGP,2.8
"ME31 ULTRA 3 Smart Watch 2.21"" HD IPS AMOLED Display – 7+1 Straps – Call & Notification Support",500.00 EGP,2.5
"1+Smart Watch, 2.02 AMOLED Display, IP68 Waterproof, 100+ Watch Faces, Bluetooth 5.0, Health Fitness Tracker with Heart Rate Monitor, Multi-Language Support arabic suported (Black, HK20 ULTRA 2)",710.00 EGP,2.8
Ticwatch E3 Smart Watch Wear OS by Google for Men Women Qualcomm Snapdragon Wear 4100 Platform Health Monitor Fitness Tracker GPS NFC Mic Speaker IP68 Waterproof iOS/ Android Compatible,"3,988.80 EGP",3.4
"Smart Watch T800 Ultra for Women & Man with 2 inch HDScreen & 49mm Strap, Supports Always on Clock, Fitness, calls, Bluetooth, Heart Rate, Sports Mode, Sleep Monitoring (Black 1)",499.00 EGP,3
ME11 Ultra 3 Smart Watch 2.21 Inch AMOLED Screen - Wireless Charging - with 2 Bands (Black - Green),425.00 EGP,2
"ADHOMAX New 2025 T800 Ultra Smart Watch Elegant Design, HD Touch Screen, Heart Rate, Fitness Tracker, spo2, Calls, Sport, Music, Wireless Charging | IOS, android for men, women (Black + White Strap)",329.00 EGP,2.7
"Samsung Galaxy Watch8 (44mm, LTE, Graphite) with 3nm Processor | Dual GPS | Sapphire Glass & Armor Aluminum | 5ATM & IP68 | BP, ECG, IHRN & Vascular Load Monitoring | Anti-oxidant Index","11,790.00 EGP",4.2
"Fitbit Versa 4 Fitness Smartwatch with Daily Readiness, GPS, 24/7 Heart Rate, 40+ Exercise Modes, Sleep Tracking and more, Black/Graphite, One Size (S & L Bands Included)","10,000.00 EGP",4.2
"Smartwatch X10 ultra 3 with 2.20 inch curve display, wear.fit pro app, Smart Watch support NFC,voice assistant,CHAT GPT, for all Smart Phones 2025 NEW color (Gold)",730.00 EGP,3.6
"Samsung Galaxy Watch Ultra Smartwatch - 2025 Version, 47mm, Titanium Blue, LTE (CAD Version & Warranty) - Durable Titanium Casing, Cushion Design, Quick Button, AI-Powered Health Monitoring","16,888.88 EGP",4.5
"HUAWEI WATCH GT 6 Pro Smart Watch, 46mm, upto 21 days battery life, GPS Smart Watches with 100+ Sports Mode, Cycling, iOS & Android Compatible, ECG Analysis, Health Monitoring, Black","13,700.00 EGP",4.5
"A20 Ultra 2 Smart Watch – Stylish Design with AMOLED Display, Touch Control & Wireless Charging – Two Different Color Bands (Pink)",450.00 EGP,2.6
"RUIMEN Smart Watch Answer Dial Call,Smart Watches for Women Men HD Touch Screen Fitness watch with SpO2-Monitor Heart Rate Sleep Monitor Pedometer Watch Multi Sports Mode for Android iOS","6,195.00 EGP",4.2
"SAMSUNG Galaxy Watch7 Smartwatch, Green, 44mm, Bluetooth, Sleep Coaching, Fitness Tracker, 1 Year Warranty / Local Version","8,777.77 EGP",4.3
T2000 Ultra 2 Smart Watch 2.08 Inch HD Screen Wireless Charging Compatible with All Phones (Silver Metal - Black),375.00 EGP,2.9
"HUAWEI WATCH GT 3 46 mm Smartwatch, 2 Weeks' Battery Life, All-Day SpO2 Monitoring, Personal AI Running Coach, Accurate Heart Rate Monitoring, 100+ Workout Modes, Australian Version - Brown","8,700.00 EGP",4.4
Smart Watch for Men X 8 Plus Ultra NFC Always-on Display Calculator Wireless Charging Smart Watch iPaper Design 2023-2024 (Orange),620.00 EGP,2.9
KIDSZONE Digital Watch for KIDS Cool Smart Watch for Kids – Perfect Everyday Companion Wristwatch (White),79.00 EGP,2.2
"Amazfit Balance Smart Watch 46mm with Body Composition & Health Analysis, Sleep Recovery, GPS, Alexa Built-In, Bluetooth Calling, 14-Day Battery Life, 150+ Sports Modes, for Android iPhone, Black","7,798.05 EGP",4.4
"Oraimo Watch 2R Smart Watch, 1.39-inch TFT Display, IP68 Waterproof, Rose Gold","1,599.00 EGP",2.5
"Xiaomi Watch S4 Rainbow |Smartwatch| 1.43"" AMOLED display, Long battery life, Bluetooth calling, Noise reduction, Advanced health detection, 15 days battery life","8,523.16 EGP",4.4
"ADHOMAX New 2025 T900 Ultra2 smart watch Elegant Design 2.2"" NFC, infinite HD display, Fitness Tracker, Bluetooth, Wireless Charging, for IOS, android for men and women (Orange+Black Strap)",331.00 EGP,2.5
"itel O15 (2.01"") LCD Display Smart Watch, 480 Nits Brightness, 7 Days Battery Life, Heart Rate & Blood Oxygen Monitoring, 12 months warrant,IP68 Waterproof with Multisport Modes (Black)","1,099.00 EGP",3.2
"Apple Watch Series 11 GPS 46mm Smartwatch with Jet Black Aluminium Case with Black Sport Band M/L. Sleep Score, Fitness Tracker, Health Monitoring, Always-On Display, Water Resistant","21,400.00 EGP",4.5
"Choetech Smart Watch 1.91 Inch touch screen, Health monitoring, Life Control Rectangle Black",999.00 EGP,3.3
"Smart Watch for Kids, 1.83"" Fitness Tracker Watch Pedometer, Heart Rate, Sleep Monitor, IP68 Waterproof, Pedometer, Puzzle Games with/Without APP for Girls Boys Teens 6-16","2,999.00 EGP",4.2
"Smart Watch Trecker (Today only Offer with Extended 12 Year Warranty) for Men, Women & Notification Activity Tracker Band for iOS & Android/Smart Watch ID116 for All Smart Phones Black",699.00 EGP,2.5
HUAWEI WATCH GT 5 VILI-B19W 46MM BLUE WOVEN STRAP,"8,299.00 EGP",4.7
"Amazfit Active 2 Smart Watch 44mm, GPS Maps with Direction, Fitness Tracker, 10 Day Battery, Sleep Monitor, 160+ Sport Modes, Water Resistant, for Android & Apple iPhone, Red Silicone","9,999.00 EGP",4.4
"Garmin fēnix® 8 – 47 mm, Solar, AMOLED, Sapphire, Premium Multisport GPS Smartwatch, Long-Lasting Battery Life, Dive-Rated, Built-in LED Flashlight, Titanium with Amp Yellow/Graphite Band","180,000.00 EGP",4.6
HAYLOU Smart Watch HL-SP,"2,999.00 EGP",4.2
Generic Nabi Smart Watch for Kids Tracker pink (Purple),850.00 EGP,2.7
"ADHOMAX New 2025 T900 Ultra2 smart watch Elegant Design 2.2"" NFC, infinite HD display, Fitness Tracker, Bluetooth, Wireless Charging, for IOS, android for men and women (Orange+DarkBlue Strap)",333.00 EGP,2.5
"ADHOMAX New T800 Ultra2-Plus Smart Watch Elegant Design 2.2"", NFC, Fitness Tracker, Heart Rate, Oxygen Monitor, Calls, Wireless Charging | IOS and android for men, women (Black)",289.00 EGP,2.7
"M72 MAX Smart Watch,49 MM HD Screen, Elegant Design, 2 watches, Fitness Tracker, Calls Wireless Charging, compatible with IOS & android, for men and women, 7 strpas, straps print may vary (Black)",689.00 EGP,3.5
"T1000 Ultra 2 Smart Watch with 2.08 Inch Screen, Wireless Charging, Support Calls and Fitness, Stylish Design, Titanium Watch Color and Multi Color Band",360.00 EGP,No Rating
"Nylon Sport Band Compatible with Xiaomi Mi Band 10/9/8 for Women Men, Soft Adjustable Breathable Sport Loop Watch Strap Replacement Wristband for Xiaomi Smart Band 8/9/10",150.00 EGP,4.2
"Dl3 Mobilak Nylon Solo Loop Stretchy Strap for Xiaomi Mi Band 7/Mi Band 6/Mi Band 5/Mi Band 4/Mi Band 3, Adjustable Elastic Sport Band for Mi Band 7 6 5 4 3, Strap Smart Watch Accessories",140.00 EGP,3.9
"Dl3 Mobilak Bracelet Compatible with Xiaomi Mi Band 10/9/8, Stainless Steel Replacement Straps, Mesh Metal Watch Strap, Magnetic Adjustable Replacement Strap For Xiaomi Smart Band 8/9/10",200.00 EGP,4.5
Compatible with Oppo Band Women and Men Replacement Silicone Wristbands Watch Accessories for Oppo Smart Band,135.00 EGP,4.4
"Smart Watch T800 Ultra for Women & Man with 2 inch HDScreen & 49mm Strap, Supports Always on Clock, Fitness, calls, Bluetooth, Heart Rate, Sports Mode, Sleep Monitoring (Black 1)",499.00 EGP,3
X-Inova Germany MX 10 Smart Watch with 7 fashionable watch straps and Always on Clock - Gold,"1,299.00 EGP",3.4
"Garmin fēnix® 8 – 47 mm, Solar, AMOLED, Sapphire, Premium Multisport GPS Smartwatch, Long-Lasting Battery Life, Dive-Rated, Built-in LED Flashlight, Titanium with Amp Yellow/Graphite Band","180,000.00 EGP",4.6
"itel O15 (2.01"") LCD Display Smart Watch, 480 Nits Brightness, 7 Days Battery Life, Heart Rate & Blood Oxygen Monitoring, 12 months warrant,IP68 Waterproof with Multisport Modes (Black)","1,099.00 EGP",3.2
HUAWEI WATCH GT 5 VILI-B19W 46MM BLUE WOVEN STRAP,"8,299.00 EGP",4.7
"Smart Watch for Kids, 1.83"" Fitness Tracker Watch Pedometer, Heart Rate, Sleep Monitor, IP68 Waterproof, Pedometer, Puzzle Games with/Without APP for Girls Boys Teens 6-16","2,999.00 EGP",4.2
"T900 Ultra 2 Smart Watch Bluetooth Call Wireless Charging 2.19"" HD Touch Screen for IOS Android Men Women (Orange)",324.90 EGP,1.7
"ADHOMAX New T2000 ultra2 smart watch, Elegant Design 49MM HD display, NFC, Bluetooth Calls Wireless Charging,SPO2, Fitness Tracker, compatible with IOS, android for men, women (Black+White)",333.00 EGP,2.6
"Samsung Galaxy Watch7 Classic Smartwatch, Cream, 40mm, Bluetooth Sleep Coaching, Fitness Tracker, 1 Year Warranty/Local Version","8,950.00 EGP",4.2
"ADHOMAX New 2025 T800 Ultra Smart Watch Elegant Design, HD Touch Screen, Heart Rate, Fitness Tracker, spo2, Calls, Sport, Music, Wireless Charging | IOS, android for men, women (Black + White Strap)",329.00 EGP,2.7
T2000 Ultra 2 Smart Watch 2.08 Inch HD Screen Wireless Charging Compatible with All Phones (Silver Metal - Black),375.00 EGP,2.9
"Amazfit Active 2 Smart Watch 44mm, GPS Maps with Direction, Fitness Tracker, 10 Day Battery, Sleep Monitor, 160+ Sport Modes, Water Resistant, for Android & Apple iPhone, Red Silicone","9,999.00 EGP",4.4
"A20 Ultra 2 Smart Watch – Stylish Design with AMOLED Display, Touch Control & Wireless Charging – Two Different Color Bands (Pink)",450.00 EGP,2.6
"ADHOMAX New 2025 T900 Ultra2 smart watch Elegant Design 2.2"" NFC, infinite HD display, Fitness Tracker, Bluetooth, Wireless Charging, for IOS, android for men and women (Orange+Black Strap)",331.00 EGP,2.5
"ADHOMAX New T900 Ultra Smart Watch Elegant Design 2.09"" HD Display, NFC, Fitness Tracker, Heart Rate, Oxygen Monitor, Calls, Wireless Charging | IOS and android for men, women (1, Orange+Yellow)",322.00 EGP,4
"ADHOMAX New 2025 T900 Ultra smart watch Elegant Design 2.09"" Series 8 HD Display, Fitness Tracker, Calls Wireless Charging | Touch Screen compatable with IOS & android for men and women (Orange)",599.00 EGP,2.2
"ADHOMAX New T800 Ultra2-Plus Smart Watch Elegant Design 2.2"", NFC, Fitness Tracker, Heart Rate, Oxygen Monitor, Calls, Wireless Charging | IOS and android for men, women (Dark Blue Strap)",322.00 EGP,2.6
"ADHOMAX New 2025 T800 Ultra Smart Watch Elegant Design, HD Touch Screen, Heart Rate, Fitness Tracker, spo2, Calls, Sport, Music, Wireless Charging | IOS, android for men, women (Orange + White Strap)",329.00 EGP,2.7
"ADHOMAX New 2025 T900 Ultra2 smart watch Elegant Design 2.2"" NFC, infinite HD display, Fitness Tracker, Bluetooth, Wireless Charging, for IOS, android for men and women (Orange+NylOrange)",339.99 EGP,2.5
"ADHOMAX Smart Watch Ultra 7 Amoled Display, Elegant Design, Sports, Fitness Tracker, Calls, Wireless Charging, Heart Rate, Oxygen Monitor, Music, Maps, Mobile Camera, Weather | IOS, android (Silver)",799.00 EGP,3.6
"ADHOMAX New T800 Ultra2-Plus Smart Watch Elegant Design 2.2"", NFC, Fitness Tracker, Heart Rate, Oxygen Monitor, Calls, Wireless Charging | IOS and android for men, women (Gray Strap)",299.99 EGP,2.6
nab z7 smart watch with GPS & camera tracker For kids - pink,853.23 EGP,2.8
Generic Nabi Smart Watch for Kids Tracker pink (Purple),850.00 EGP,2.7
Smart Watch Heino Teko Germany | RW-21 Smartwatch | AMOLED Display | Leather | 2 Straps Leather | Arabic Not Reversed | NFC | Voice assistant | Prayer Time | Calls | Lades & Womens RW21,"1,699.00 EGP",3.4
Original Z7 Smart Watch with GPS and Tracking Camera for Kids - Black,847.90 EGP,3.4
"ADHOMAX New T800 Ultra2-Plus Smart Watch Elegant Design 2.2"", NFC, Fitness Tracker, Heart Rate, Oxygen Monitor, Calls, Wireless Charging | IOS and android for men, women (orange+white)",322.00 EGP,2.7
Smart Watch LED Digital Watch - Multiple Colors - Stylish Design (Random Color),140.00 EGP,1
"ADHOMAX New T900 Ultra Smart Watch Elegant Design 2.09"" HD Display, NFC, Fitness Tracker, Heart Rate, Oxygen Monitor, Calls, Wireless Charging | IOS and android for men, women (1, Orange+OilGreen)",322.00 EGP,2.1
"ADHOMAX New T800 Ultra Smart Watch Elegant Design 1.99"" HD Display, Fitness Tracker, Heart Rate, Oxygen Monitor, Calls, Wireless Charging, Works With IOS, android for men, women (1, Black+OilGreen)",333.00 EGP,2.9
"ADHOMAX New 2025 T1000 Ultra2 smart watch Elegant Design 2.08"", NFC, infinite display, Fitness Tracker, Heart Rate, Calls, Wireless Charging, for IOS, android for men and women (black + white)",333.00 EGP,2.1
MERV - X10 Ultra 3 Smart Watch WearFit 49mm (Orange),699.00 EGP,3.9
"Apple Watch Ultra 2 GPS + Cellular 49mm Smartwatch, Sports Watch with Black Rugged Titanium Case with Black Trail Loop - S/M. Fitness Tracker, Precision GPS, Extra-Long Battery Life, Carbon Neutral","37,007.80 EGP",4.6
Nabi Z7 Smart Watch for Kids (Black),850.00 EGP,2.8
Smart Watch (2030-W-007) Black,999.00 EGP,No Rating
"SKMEI Men's Digital Sports Watch 50m Waterproof LED Military Multifunction Smart Watch Stopwatch Countdown Auto Date Alarm - 1251, Black, Strap",498.93 EGP,4.1
Smart Watch (x8 ultra max) x8 Ultra Max NFC Body Temperature Monitoring Bluetooth Call Wireless Charging 2.02 Inch HD Touch Screen Smart Watch for IOS Android Men Women (Black),899.00 EGP,No Rating
ساعة ذكية X10 الترا 3 (X10 Ultra 3) بشاشة كرف - إعادة علي المكالمات - إشارات - بتحمل عليها اسم الاتصال - بتدعم تشغيل مققطع صوت من عليها -NFC - بلوتوث - شاحن لاكي (أسود),899.00 EGP,5
"WiWU Smart Watch SW03 1.43″AMOLED, Multi Language, Heart Rate, Blood Oxygen, Sleep Monitor, Waterproof IP68, for Phone Zinc Alloy Health sports Smart-Silver|18 Months Warranty","1,999.00 EGP",No Rating
"Smart Band 3e, Digital Display, Black, Waterproof, Bluetooth Compatible, with Adjustable Elastic Strap, for Sports and Daily Use_+_","1,100.00 EGP",No Rating
"Parsonver Smart Watch Men Women Answer/Make Call, 1.83"" Fitness Tracker with 100+ Sports, BMI, Heart Rate, Sleep Monitor, SpO2, Stress Measurement, IP68 Waterproof Sports Watch for Android iOS, Black","3,900.00 EGP",4.1
Kids Digital Smart Watch Waterproof LED Display Wristwatch Birthday Gift Colorful Cartoon Character Boys Girls 2-12 Years Old (Pink),99.00 EGP,2.7
Lora lady's calling smart watch,Price not available,No Rating
"Accutime Kids Microsoft Minecraft Green Educational Touchscreen Smart Watch Toy for Boys, Girls, Toddlers - Selfie Cam, Learning Games, Alarm, Calculator, Pedometer & More (Model: MIN4045AZ), Green,","3,499.00 EGP",4.4
"Smart Watch for Women (Make/Answer Call),1.32""HD Screen Smartwatch for Android and iOS Phones Compatible,Fitness Tracker with Heart Rate Sleep Monitor AI Voice digital Waterproof Watch for Women.","5,499.00 EGP",4.1
Smart Watch (2030-W-007) Cool Black,"1,000.00 EGP",No Rating
X8 Ultra Smart Watch For Unisex Black For Men And Women,"1,190.00 EGP",No Rating
"SKMEI Waterproof Watch with Pedometer, Calories, Sleeping Monitor, Call Remind Smartwatch (Khaki, 50m)",499.00 EGP,3.8
Smartwatch for women-mintgreen,122.84 EGP,3
"X9 Plus Ultra 2 Smartwatch, X9 PLUS ULTRA2, Dual Estek, Water Resistant",899.00 EGP,2.7
"Dl3 Mobilak Silicone Bracelet for Huawei Watch Fit 3/Watch Fit 4 Pro/Fit 4 Strap, Soft Silicone Sport Replacement Strap for Women/Men, Adjustable Waterproof Sports Band",140.00 EGP,4.1
"Digital Dial Waterproof Stylish Wrist Smart Watch LED Band for Kids, Birthday Return Gift, Toys, Colorful Cartoon Character Super Hero for Boys & Girls, Age 2 to 12 Years (Assorted Colors)",95.00 EGP,No Rating
"Military Smart Watch for Men 1.85"" HD Touch Screen 730mAh Battery Smart Watches with LED Flashlight for Android iOS （Bluetooth Call Answer/Dial Calls） Fitness Tracker","6,895.00 EGP",4
"ADHOMAX Smart Watch M72 49MM HD Display, Elegant Design, New Gestures, mobile stand, ring medal, 3 straps Fitness Tracker, Calls, Wireless Charging, Heart Rate, Oxygen Monitor | IOS, android (Black)",555.00 EGP,3.3
"X9+ Ultra 2 Smart Watch, 2.12"" AMOLED Display, 420mAh Battery, IP68 Waterproof, Compatible with Android and iOS, Black",799.00 EGP,4
"ADHOMAX K8 Ultra3 Smart Watch, Slim Case, Calls, 3D, Fitness Tracker, AI, Voice, Wireless Charging, Heart Rate, Games, SpO2, Weather, Camera, Music, IOS, android, men, women (Orange-OrangeNyl Strap)",444.00 EGP,2.8
"ADHOMAX New 2025 T930 Ultra3 smart watch Elegant Design 49MM, NFC, infinite HD display, Fitness Tracker, Heart Rate, Calls, Wireless Charging, for IOS, android for men and women (Orange)",333.00 EGP,2.6
"Nylon Sport Band Compatible with Xiaomi Mi Band 10/9/8 for Women Men, Soft Adjustable Breathable Sport Loop Watch Strap Replacement Wristband for Xiaomi Smart Band 8/9/10",150.00 EGP,4.2
"Dl3 Mobilak Bracelet Compatible with Xiaomi Mi Band 10/9/8, Stainless Steel Replacement Straps, Mesh Metal Watch Strap, Magnetic Adjustable Replacement Strap For Xiaomi Smart Band 8/9/10",225.00 EGP,4.5
"Dl3 Mobilak Nylon Solo Loop Stretchy Strap for Xiaomi Mi Band 7/Mi Band 6/Mi Band 5/Mi Band 4/Mi Band 3, Adjustable Elastic Sport Band for Mi Band 7 6 5 4 3, Strap Smart Watch Accessories",140.00 EGP,3.9
"Dl3 Mobilak Bracelet Compatible with Redmi Watch 5/Redmi Watch 4/Xiaomi Smart Band 9 Pro/Xiaomi Smart Band 8 Pro, Soft TPU Replacement Strap Sports, Strap for Men and Women",135.00 EGP,3.9
Set of 2 Watch for Girls and Boys with Luminous Screen,299.00 EGP,1.9
Generic For Xiaomi Mi Watch Lite Strap Replacement Sport Soft Silicone Bracelet For Xiaomi Redmi Watch Smart Watch Band - Pink,108.09 EGP,3.7
Mcdodo CH-2060 Apple Watch Compatible Smart Watch Wireless Charger,899.00 EGP,3.6
"Xiaomi Band 7 Pro Smart Bracelet AMOLED Screen GPS Blood Oxygen Fitness Waterproof Xiaomi Smart Band 7 Pro, Ivory, STANDARD","1,999.00 EGP",4.1
"Huawei Watch GT 6 Pro Atum-B29W Smart Watch, 46mm, Brown - 1 Year Warranty","15,000.00 EGP",4.6
"A20 Ultra 2 Smart Watch – Stylish Design with AMOLED Display, Touch Control & Wireless Charging – Two Different Color Bands (Pink)",450.00 EGP,2.6
Generic HK9 Pro+ Series 9 Design with Amoled Display and 2 straps Supports Always on Clock/Arabic Language/calls answer/NFC/Sports Mode (Gold) Smartwatch,999.00 EGP,3.1
"ADHOMAX New T900 Ultra Smart Watch Elegant Design 2.09"" HD Display, NFC, Fitness Tracker, Heart Rate, Oxygen Monitor, Calls, Wireless Charging | IOS and android for men, women (1, Black)",599.00 EGP,2.8
"M1 Smart Watch Id-116 Bluetooth Smartwatch Wireless Fitness Band for Boys, Girls, Men, Women & Kids | Sports Gym Watch for All Smart Phones I Heart Rate and spo2 Monitor",699.00 EGP,1.6
"Curve Smart Watch for Women Men, 1.43"" AMOLED Smartwatch with Bluetooth Calling Heart Rate/Blood Oxygen/Sleep/Stress Monitoring 178+ Sports Modes IP68 Waterproof (Black)","1,999.00 EGP",4.2
20mm Milanese Loop Magnetic Stainless Steel Watch Band for Xiaomi Amazfit Youth bip Smart Watchband Strap Wrist Bracelet,94.05 EGP,4
"Curve Smart Watch for Women Men, 1.43"" AMOLED Smartwatch with Bluetooth Calling Heart Rate/Blood Oxygen/Sleep/Stress Monitoring 178+ Sports Modes IP68 Waterproof (Gold)","1,799.00 EGP",5
"Smart Watches for Women, Android Smart Watch for Phones (Make Calls), 1.75"" HD Fitness Tracker Watch with Heart Rate, Sleep Monitor, Spo2, Blood Pressure, 110+ Sport Modes Fitness Watches for Women","2,219.00 EGP",5
Kieslect Actor Smartwatch with Stunning Ceramic Bezel,"4,555.55 EGP",4
"WiWU Smart Watch SW03 1.43″AMOLED, Multi Language, Heart Rate, Blood Oxygen, Sleep Monitor, Waterproof IP68, for Phone Zinc Alloy Health sports Smart-Silver|18 Months Warranty","1,999.00 EGP",No Rating
"Generic T900 Ultra 2 Big NFC Smart Watch - Black: Bluetooth Call, Wireless Charging, 2.2"" HD Screen, IOS & Android Compatible",522.00 EGP,2.6
HainoTeko G18 Mini Ladies Smart Watch with AMOLED Display 3 Pair Straps Bluetooth Calling and Wireless Charger,"1,938.50 EGP",5
"Joyroom JR-FC3 Classic Smart Watch with Bluetooth Calling (Answer/Make Call), 1.43"" HD Display, 24/7 Health Monitor (Heart Rate, SpO2), 100+ Sports Modes, IP68 Waterproof","2,799.00 EGP",No Rating
"HK10 Ultra 3 Smart Watch Compatible with iPhone and Android, 1.9 Inch Touch Screen, Heart Rate Monitor, Waterproof, Silicone Strap Titanium Watch and Black Strap","1,099.00 EGP",No Rating
"ADHOMAX New 2025 T900 Ultra2 smart watch Elegant Design 2.2"" NFC, infinite HD display, Fitness Tracker, Bluetooth, Wireless Charging, for IOS, android for men and women (Orange+White Strap)",333.00 EGP,2.5
X-Inova Germany MX 10 Smart Watch with 7 fashionable watch straps and Always on Clock - Gold,"1,299.00 EGP",3.4
X8 Ultra Max Smart Watch (X8 Ultra Max) NFC Call Bluetooth Wireless Charging System Support Arabic Language and Other Languages Notification App Information HD Touch Screen (Orange),899.00 EGP,5
Generic Stainless steel watch band for huawei huawei gt/gt2/pro/magic wrist strap bracelet-black,146.72 EGP,3.7
"Smart Watch for Men Women SmartWatch 1.83"" for iPhone Samsung Android Phone Compatible, Fitness Tracker Watch with Pedometer, Heart Rate/Sleep Monitor, Blood Oxygen, IP68 Waterproof",Price not available,4.1
"Joyroom JR-FS1 Starlight Series Smart Watch for Women, 1.7"" AMOLED Display with Bluetooth Calling, 100+ Sports Modes, Health Monitor (Heart Rate, SpO2, BP), 1ATM Waterproof, 2 Bands Included","3,900.00 EGP",No Rating
Smart Watch (x8 ultra max) x8 Ultra Max NFC Body Temperature Monitoring Bluetooth Call Wireless Charging 2.02 Inch HD Touch Screen Smart Watch for IOS Android Men Women (Black),899.00 EGP,No Rating
Smart Watch LED Digital Watch - Multiple Colors - Stylish Design (Random Color),140.00 EGP,1
"Smart Watch with Alexa Built-in, 1.83"" HD Touchscreen, Digital Bluetooth Calling, IP68 Waterproof Fitness Tracker, 120+ Sports Modes, 24/7 Heart Rate/Sleep Monitor for iPhone Android (Black)",Price not available,4.5
"Green Lion Kids Watch Pro 1.85"" Smart Watch - Precise Positioning, IP67 Waterproof, 5-7 Days Standby, HD Camer (Blue)","5,400.00 EGP",4
"ADHOMAX New 2025 T800 Ultra smart watch Elegant Design 1.99"" Series 8 HD Display, Fitness Tracker, Calls Wireless Charging | Touch Screen compatable with IOS & android for men and women (Black)",499.00 EGP,2.4
"Generic Silicone Watch Band For Smart Watches, 22mm - Pink",62.45 EGP,3.5
"Lemonda Smart Watch Metal Band For Android & iOS,Black - N58",599.00 EGP,No Rating
"Military Smart Watch for Men, 1.85'' HD Large Screen Smartwatch, Flashlight/5ATM Waterproof/700mAh/100+ Sports Fitness Tracker Watch, Pedometer Mens Smart Watch for Android iPhone Compatible","4,599.00 EGP",3
"HK10 ULTRA 3 Max Smartwatch – 2.02"" AMOLED Display, 2GB, Bluetooth Network Sharing, AI Robot, Support Local Music TWS Connection, AI Features (Orange)",888.00 EGP,3
"X-inova X90 Pro Max Smart Watch, 49mm,with 4 strap 2.19 inch BT Call (pink)","1,093.00 EGP",3.7
"ADHOMAX New 2025 T800 Ultra smart watch Elegant Design 1.99"" Series 8 HD Display, Fitness Tracker, Calls Wireless Charging | Touch Screen compatable with IOS & android for men and women (Green)",599.00 EGP,1.7
"ADHOMAX New 2025 T1000 Ultra2 smart watch Elegant Design 2.08"", NFC, infinite display, Fitness Tracker, Heart Rate, Calls, Wireless Charging, for IOS, android for men and women (orange + red)",333.00 EGP,No Rating
"Haino Teko‑25 Smartwatch – 1.43″ AMOLED, Waterproof Fitness Tracker with Heart‑Rate & Activity Monitoring, Bluetooth Calling, Silver","1,999.00 EGP",No Rating
Haino Teko Germany G9 Mini Rose Gold Edition Ladies Smart Watch with Three Sets of Straps and Stylish Strap - Gold,"1,685.00 EGP",3.7
"Conquer 2 Smart Watch for Women Men, 1.43"" AMOLED Smartwatch with Bluetooth Calling Heart Rate/Blood Oxygen/Sleep/Stress Monitoring Multi Sports Modes IP68 Waterproof (Black)","3,999.00 EGP",No Rating
G9 Gold Series 9 Smart Watch Round Shape - Multi Color,890.00 EGP,No Rating
Smart Watch t2000 Ultra Display Screen 2.08-49mm Bluetooth Wireless Connection (Blue),339.40 EGP,2.5
"Oraimo Smart Watch Pro NT OSW-850H 1.43 Inch Amoled IP68, AI Powered Forged Carbon Design, All-day Health Monitoring,Usage Time 16 days - Black - 12 Months Warranty","6,444.00 EGP",2.8
"cardoO Smart Watch X Orbit, Round 1.6” AMOLED Display, Bluetooth Calling, Fitness & Health Tracker with Heart, Sleep & SpO2 Monitoring, 100+ Sports Modes – Waterproof, iOS & Android Compatible -Gold","3,499.00 EGP",4.5
Generic T800 Ultra Smart Watch NFC Bluetooth Wireless Charging Sport Smartwatch (Orange),300.00 EGP,2.2
"Unitronics Ultra Smart Watch S1, Measuring blood sugar,Blood Oxygen Monitoring Heart Rate Monitor, Breathing Training,Bluetooth Call Function,1 year warranty, black/orang","1,782.00 EGP",3.2
"ADHOMAX By Wisme WS-X15 Smart Watch, Super Amoled, 5D, Gesture Control, GPS, Calls, Fitness Tracker, BPM, Weather, Camera, Music, 3 Straps, IOS, android, men, women, 3 Months Warranty (Silver)","1,000.00 EGP",2.1
"Outbox, Limitless OB10, Smart Watch, 2.04"", AMOLED, Silver with Extra Unique Color Fabric Strap","1,999.00 EGP",5
"TOZO S4 Smartwatch Women Men Bluetooth Call Fitness Watch with 1.78 Inch Touch Screen, Sports Watch with 100 Sports Modes, Heart Rate Sleep Monitor Pedometer, IP68 Waterproof for Android iOS - Gold","2,999.00 EGP",4.3
"Haino Teko Smart Watch Pink with Built-in Earbuds, Model ST-9, Wireless Earbuds, AMOLED Display, Waterproof, Support Bluetooth Call, Comes with 3 Straps.","2,999.00 EGP",No Rating
"ADHOMAX New 2025 T900 Ultra smart watch Elegant Design 2.09"" Series 8 HD Display, Fitness Tracker, Calls Wireless Charging | Touch Screen compatable with IOS & android for men and women (Black)",599.00 EGP,2.5
"Fullmosa Smart Watch Strap 16mm 18mm 19mm 20mm 22mm 24mm, Metal Straps for Mens & Women, Compatbile for Samsung, Casio, Huawei, Fossil, Withings Smart Watch",252.00 EGP,4.4
"ADHOMAX New 2025 T800 Ultra Smart Watch Elegant Design, HD Touch Screen, Heart Rate, Fitness Tracker, spo2, Calls, Sport, Music, Wireless Charging | IOS, android for men, women (Orange + Black Strap)",329.00 EGP,2.7
"ADHOMAX New T2000 ultra2 smart watch, Elegant Design 49MM HD display, NFC, Bluetooth Calls Wireless Charging, Touch Screen, Fitness Tracker, compatible with IOS, android for men, women (Yellow)",291.00 EGP,No Rating
"ADHOMAX New T800 Ultra Smart Watch Elegant Design 1.99"" HD Display, Fitness Tracker, Heart Rate, Oxygen Monitor, Calls, Wireless Charging, Works With IOS, android for men, women (1, Orange+White)",333.00 EGP,2.9
hk9pro plus series smart watch design 9 with AMOLED screen and 2 strap always support watch/arabic/answer calls/nfc/sport mode (Black),900.00 EGP,2.5
"Nylon Sport Band Compatible with Xiaomi Mi Band 10/9/8 for Women Men, Soft Adjustable Breathable Sport Loop Watch Strap Replacement Wristband for Xiaomi Smart Band 8/9/10",150.00 EGP,4.2
Dl3 Mobilak Silicone Watch Band Strap Compatible for Huawei Honor Band 4 Running Version/Huawei Band 3e/ Band 4e Smart Watch Bracelet Replacement,100.00 EGP,3.8
"Dl3 Mobilak Bracelet Compatible with Redmi Watch 5/Redmi Watch 4/Xiaomi Smart Band 9 Pro/Xiaomi Smart Band 8 Pro, Soft TPU Replacement Strap Sports, Strap for Men and Women",135.00 EGP,3.9
"Dl3 Mobilak Braided Strap for Xiaomi Mi Band 10/9/8, Men Women Breathable Elastic Nylon with Magnetic Buckle Watch Band for Xiaomi Smart Band 10/Xiaomi Smart Band 9/8",160.00 EGP,2.6
"Haino Teko‑25 Smartwatch – 1.43″ AMOLED, Waterproof Fitness Tracker with Heart‑Rate & Activity Monitoring, Bluetooth Calling, Silver","1,999.00 EGP",No Rating
Haino Teko Germany G9 Mini Rose Gold Edition Ladies Smart Watch with Three Sets of Straps and Stylish Strap - Gold,"1,685.00 EGP",3.7
"Conquer 2 Smart Watch for Women Men, 1.43"" AMOLED Smartwatch with Bluetooth Calling Heart Rate/Blood Oxygen/Sleep/Stress Monitoring Multi Sports Modes IP68 Waterproof (Black)","3,999.00 EGP",No Rating
G9 Gold Series 9 Smart Watch Round Shape - Multi Color,890.00 EGP,No Rating
Smart Watch t2000 Ultra Display Screen 2.08-49mm Bluetooth Wireless Connection (Blue),339.40 EGP,2.5
"Oraimo Smart Watch Pro NT OSW-850H 1.43 Inch Amoled IP68, AI Powered Forged Carbon Design, All-day Health Monitoring,Usage Time 16 days - Black - 12 Months Warranty","6,444.00 EGP",2.8
"cardoO Smart Watch X Orbit, Round 1.6” AMOLED Display, Bluetooth Calling, Fitness & Health Tracker with Heart, Sleep & SpO2 Monitoring, 100+ Sports Modes – Waterproof, iOS & Android Compatible -Gold","3,499.00 EGP",4.5
Generic T800 Ultra Smart Watch NFC Bluetooth Wireless Charging Sport Smartwatch (Orange),300.00 EGP,2.2
"Unitronics Ultra Smart Watch S1, Measuring blood sugar,Blood Oxygen Monitoring Heart Rate Monitor, Breathing Training,Bluetooth Call Function,1 year warranty, black/orang","1,782.00 EGP",3.2
"ADHOMAX By Wisme WS-X15 Smart Watch, Super Amoled, 5D, Gesture Control, GPS, Calls, Fitness Tracker, BPM, Weather, Camera, Music, 3 Straps, IOS, android, men, women, 3 Months Warranty (Silver)","1,000.00 EGP",2.1
"Outbox, Limitless OB10, Smart Watch, 2.04"", AMOLED, Silver with Extra Unique Color Fabric Strap","1,999.00 EGP",5
"TOZO S4 Smartwatch Women Men Bluetooth Call Fitness Watch with 1.78 Inch Touch Screen, Sports Watch with 100 Sports Modes, Heart Rate Sleep Monitor Pedometer, IP68 Waterproof for Android iOS - Gold","2,999.00 EGP",4.3
"Haino Teko Smart Watch Pink with Built-in Earbuds, Model ST-9, Wireless Earbuds, AMOLED Display, Waterproof, Support Bluetooth Call, Comes with 3 Straps.","2,999.00 EGP",No Rating
"ADHOMAX New 2025 T900 Ultra smart watch Elegant Design 2.09"" Series 8 HD Display, Fitness Tracker, Calls Wireless Charging | Touch Screen compatable with IOS & android for men and women (Black)",599.00 EGP,2.5
"Fullmosa Smart Watch Strap 16mm 18mm 19mm 20mm 22mm 24mm, Metal Straps for Mens & Women, Compatbile for Samsung, Casio, Huawei, Fossil, Withings Smart Watch",252.00 EGP,4.4
"ADHOMAX New T800 Ultra Smart Watch Elegant Design 1.99"" HD Display, Fitness Tracker, Heart Rate, Oxygen Monitor, Calls, Wireless Charging, Works With IOS, android for men, women (1, OilGreen)",599.00 EGP,5
"ADHOMAX New 2025 T900 Ultra2 smart watch Elegant Design 2.2"" NFC, infinite HD display, Fitness Tracker, Bluetooth, Wireless Charging, for IOS, android for men and women (Black+NylBlack Strap)",349.99 EGP,2.5
Smart Watch HK9 Ultra 2 (HK 9 Ultra 2) 9th Edition - Record Voice from it - Play on it - Add Call Names - Arabic Language - NFC - Bluetooth - Two Straps - Waterproof (Grey),990.00 EGP,2.7
"ADHOMAX New 2025 T1000 Ultra2 smart watch Elegant Design 2.08"", NFC, infinite display, Fitness Tracker, Heart Rate, Calls, Wireless Charging, for IOS, android for men and women (oil green)",289.00 EGP,2.6
"X-INOVA MX9 German Smart Watch with 7 Fashion Bands Always Support Time Display/Arabic Language/Answer Call/Chat GBT/NFC/Sports Mode, Pink",900.00 EGP,3.5
"Smart Watches for Women(Answer/Make Call),1.19"" AMOLED Fitness Watch, Heart Rate Sleep Blood Pressure Monitor, IP68 Waterproof,100+ Sports Modes Fitness Tracker Smartwatch for iOS Android -Rose Gold","3,799.00 EGP",4.4
"WIWU SW01 Pro Smartwatch Series 8, IP68 Waterproof, BT5.0, 1.95 Inch HD IPS Screen, Voice assistant, NFC, Fitness Tracker Supports Multi Sports Modes, Wireless charging, Stand by 7 days - Black",899.00 EGP,3.2
"ADHOMAX New T2000 ultra2 smart watch, Elegant Design 49MM HD display, NFC, Bluetooth Calls Wireless Charging, Touch Screen, Fitness Tracker, compatible with IOS, android for men, women (Green)",351.00 EGP,2.6
"ADHOMAX New 2025 T1000 Ultra2 smart watch Elegant Design 2.08"", NFC, infinite display, Fitness Tracker, Heart Rate, Calls, Wireless Charging, for IOS, android for men and women (orange + dark blue)",333.00 EGP,2.1
"ADHOMAX New T900 Ultra Smart Watch Elegant Design 2.09"" HD Display, NFC, Fitness Tracker, Heart Rate, Oxygen Monitor, Calls, Wireless Charging | IOS and android for men, women (1, White)",322.00 EGP,2.8
"ADHOMAX New 2025 T800 Ultra Smart Watch Elegant Design, HD Touch Screen, Heart Rate, Fitness Tracker, spo2, Calls, Sport, Music, Wireless Charging | IOS, android for men, women (Black + Orange Strap)",329.00 EGP,2.7
